sample-id,barcode-sequence,sample_well,i7_index_id,index,i5_index_id,index2,sample_project,description,patient_number,sample_timepoint,every_sample,every_sample_w_3,baseline,collection_date,collection_month_year,collection month,T1_weeks_since_T0,T2_weeks_since_T1,randomizationid,gender,age,age_T0,age_5y_bins,age_5y_bins_T0,pddxage,years_since_pddxage_T0,ldopastartage,data_on_ldopa_start,years_since_ldopastartage_T0,T0_patientID,5_timepoint,6_timepoint,7_timepoint,13_timepoint,15_timepoint,19_timepoint,21_timepoint,28_timepoint,30_timepoint,32_timepoint,36_timepoint,37_timepoint,38_timepoint,39_timepoint,40_timepoint,41_timepoint,43_timepoint,blank_zymo,diet_survey,diet_questionnaire_date,gram_weight,energy_kcal,gluten_g,alcohol_g,protein_g,nitrogen_g,total_protein_g,animal_protein_g,vegetable_protein_g,total_fat_g,solid_fat_g2,total_saturated_fatty_acids_g1,total_monounsaturate_fatty_acids_g,total_polyunsaturated_fatty_acids_g1,total_saturated_fatty_acids_g2,total_monounsaturated_fatty_acids_g,total_polyunsaturated_fatty_acids_g2,polyunsaturated_to_unsaturated_fatty_acid_ratio,cholesterol_mg,cholesterol_to_saturated_fatty_acid_index,carbohydrate_g,total_sugar_g,total_sugars_g,added_sugars_g,added_sugars_by_total_sugars_g,available_carbohydrate_g,glycemic_load_glucose_reference,glycemic_load_bread_reference,fructose_g,galactose_g,glucose_g,lactose_g,maltose_g,sucrose_g,starch_g,dietary_fiber_g,total_dietary_fiber_g,soluble_dietary_fiber_g,insoluble_dietary_fiber_g,pectins_g,retinol_mcg, total_vit_a_IU,vit_a_retinol_activity,total_vit_a_activity_mcg,beta_carotene_mcg1,beta_carotene_mcg2,alpha_carotene_mcg,beta_cryptoxanthin_mcg,lutein_zeaxanthin_mcg,lycopene_mcg,vit_e_alpha_tocopherol_mg1,vit_e_alpha_tocopherol_mg2,added_alpha_tocopherol_mg,total_alpha_tocopherol_mg,beta_tocopherol_mg,gamma_tocopherol_mg,delta_tocopherol_mg,vit_e_IU,natural_alpha_tocopherol_mg,synthetic_alpha_tocopherol_mg,vit_k_mcg,vit_c_mg,vit_b1_mg,vit_b2_mg,niacin_mg1,niacin_mg2,vit_b6_mg,total_folate_mcg,dietary_folate_mcg,food_folate_mcg,folic_acid_mcg,vit_b12_mcg,added_vit_b12_mcg,pantothenic_acid_mcg,vit_d_mcg1,vit_d_mcg2,vit_d_ergocalciferol_mcg,vit_d_cholecalciferol_mcg,calcium_mg,phosphorus_mg,magnesium_mg,iron_mg,zinc_mg,copper_mg,selenium_mcg,sodium_mg,potassium_mg,manganese_mg,fa_4_0_butanoic_g,sfa_6_0_hexanoic,sfa_8_0_octanoic_g,sfa_10_0_decanoic_g,sfa_12_0_dodecanoic_g,sfa_14_0_tetradecanoic_g,sfa_16_0_hexadecanoic_g,sfa_17_0_margaric_acid_g,sfa_18_0_octadecanoic_g,sfa_20_0_arachidic_acid_g,sfa_22_0_behenic_acid_g,mfa_16_1_hexadecenoic_g,mfa_18_1_octadecenoic_g,mfa_20_1_eicosenoic_g,mfa_22_1_docosenoic_g,mfa_14_1_myristoleic_g,pfa_18_2_octadecadienoic_g,pfa_18_3_octadecatrienoic_g,pfa_18_3_n3_alpha_linolenic_g,pfa_18_4_octadecatetraenoic_g,pfa_20_4_eicosatetraenoic_g,pfa_20_5_eicosapentaenoic_g,pfa_22_5_docosapentaenoic_g,pfa_22_6_docosahexaenoic_g,trans_18_1_trans_octadecenoic_acid_g,trans_18_2_trans_octadecadienoic_acid_g,trans_16_1_trans_hexadecenoic_acid_g,total_trans_fatty_acids_g,omega_3_fatty_acids_g,cla_18_2_linoleic_g,cla_cis9_trans11_g,cla_trans10_cis12_g,tryptophan_g,threonine_g,isoleucine_g,leucine_g,lysine_g,methionine_g,cystine_g,phenylalanine_g,tyrosine_g,valine_g,arginine_g,histidine_g,alanine_g,aspartic_acid_g,glutamin_acid_g,glycine_g,proline_g,serine_g,daidzein_mg,genistein_mg,glycitein_mg,coumestrol_mg,biochanin_a_mg,formononetin_mg,erythritol_g,inositol_g,isomalt_g,lactitol_g,maltitol_g,mannitol_g,pinitol_g,sorbitol_g,xylitol_g,caffeine_mg,theobromine_mg,moisture_g,water_g,total_choline_mg,aspartame_mg,saccharin_mg,phytic_acid_mg,oxalic_acid_mg,3_methylhistidine_mg,sucrose_polyester_g,ash_g,acesulfame_potassium_mg,sucralose_mg,tagatose_g,betaine_mg,citrus_melon_berry_fruit_cups,other_fruit_cups,fruits_ugh,juice_fruit_cups,total_fruit_cups,dark_green_vegetable_cups,red_orange_tomato_vegetable_cups,red_orange_other_vegetable_cups,total_red_orange_vegetable_cups,white_potato_starchy_vegetable_cups,other_starchy_vegetable_cups,total_starchy_vegetable_cups,other_vegetable_cups,total_vegetable_cups,legumes_vegetable_cups,whole_grain_oz,refined_grain_oz,total_number_of_grain_oz,meat_from_beef_pork_veal_lamb_and_game_protein_oz,cured_meat_protein_oz,meat_from_organ_meat_protein_oz,poultry_protein_foods_oz,seafood_high_in_omega_3_oz,seafood_low_in_omega_3_oz,seafood_oz,total_meat_poultry_seafood_oz,eggs_protein_oz,meat_poultry_and_eggs_oz,soy_products_protein_oz,nuts_and_seeds_protein_oz,legumes_protein_oz,"Nuts, seeds, soy, and legumes (oz)",total_protein_oz,milk_cups,yogurt_cups,cheese_cups,total_dairy_cups,oil_g,solid_fat_g1,added_sugars_tsp,alcohol_drinks,energy_from_fat_percent_kcal,energy_from_carbohydrates_percent_kcal,energy_from_protein_percent_kcal,energy_from_alcohol_percent_kcal,energy_from_saturated_fatty_acids_percent_kcal,energy_from_monounsaturated_fatty_acids_percent_kcal,energy_from_polyunsaturated_fatty_acids_percent_kcal,SUPP_ENERGY_KCAL_DSID,SUPP_PROTEIN_G_DSID,SUPP_TOTAL_FAT_G_DSID,SUPP_TOTAL_POLYUNSATURATED_FATTY_ACIDS_G_DSID,SUPP_CHOLESTEROL_MG_DSID,SUPP_CARBOHYDRATE_G_DSID,SUPP_TOTAL_SUGARS_G_DSID,SUPP_DIETARY_FIBER_G_DSID,SUPP_SOLUBLE_DIETARY_FIBER_G_DSID,SUPP_TOTAL_VITAMIN_A_ACTIVITY_IU_DSID,SUPP_VITAMIN_A_RAE_MCG_DSID,SUPP_BETA_CAROTENE_PERCENT_DSID,SUPP_LUTEIN_ZEAXANTHIN_MCG_DSID,SUPP_LYCOPENE_MCG_DSID,SUPP_BIOTIN_MCG_DSID,SUPP_VITAMIN_E_AS_ALPHA_TOCOPHEROL_MG_DSID,SUPP_VITAMIN_E_IU_DSID,SUPP_VITAMIN_K_MCG_DSID,SUPP_VITAMIN_C_MG_DSID,SUPP_THIAMIN_VITAMIN_B1_MG_DSID,SUPP_RIBOFLAVIN_VITAMIN_B2_MG_DSID,SUPP_NIACIN_MG_DSID,SUPP_VITAMIN_B6_MG_DSID,SUPP_FOLATE_DFE_MCG_DSID,SUPP_FOLIC_ACID_MCG_DSID,SUPP_VITAMIN_B12_MCG_DSID,SUPP_PANTOTHENIC_ACID_MG_DSID,SUPP_VITAMIN_D_D2+D3_MCG_DSID,SUPP_BORON_MCG_DSID,SUPP_CALCIUM_MG_DSID,SUPP_CHLORIDE_MG_DSID,SUPP_CHROMIUM_MCG_DSID,SUPP_COPPER_MG_DSID,SUPP_FLUORIDE_MG_DSID,SUPP_IODINE_MCG_DSID,SUPP_IRON_MG_DSID,SUPP_MAGNESIUM_MG_DSID,SUPP_MANGANESE_MG_DSID,SUPP_MOLYBDENUM_MCG_DSID,SUPP_NICKEL_MCG_DSID,SUPP_PHOSPHORUS_MG_DSID,SUPP_POTASSIUM_MG_DSID,SUPP_SELENIUM_MCG_DSID,SUPP_SILICON_MG_DSID,SUPP_SODIUM_MG_DSID,SUPP_TIN_MCG_DSID,SUPP_VANADIUM_MCG_DSID,SUPP_ZINC_MG_DSID,SUPP_PFA_20_5_EICOSAPENTAENOIC_ACID_G_DSID,SUPP_PFA_22_6_DOCOSAHEXAENOIC_ACID_G_DSID,SUPP_OMEGA_3_FATTY_ACIDS_G_DSID,SUPP_INOSITOL_G_DSID,SUPP_CHOLINE_MG_DSID,total_HEI-2015_score,HEI-2015_total_vegetables_component_score,HEI-2015_greens_and_beans_component_score,HEI-2015_total_fruits_component_score,HEI-2015_whole_fruits_component_score,HEI-2015_whole_grains_component_score,HEI-2015_dairy_component_score,HEI-2015_total_protein_foods_component_score,HEI-2015_seafood_and_plant_proteins_component_score,HEI-2015_fatty_acids_component_score,HEI-2015_sodium_component_score,HEI-2015_refined_grains_component_score,HEI-2015_saturated_fats_component_score,HEI-2015_added_sugars_component_score,HEI-2015_density_of_total_vegetables_per_1000_kcal,HEI-2015_density_of_greens_and_beans_per_1000_kcal,HEI-2015_density_of_total_fruits_per_1000_kcal,HEI-2015_density_of_whole_fruits_per_1000_kcal,HEI-2015_density_of_whole_grains_per_1000_kcal,HEI-2015_density_of_dairy_per_1000_kcal,HEI-2015_density_of_total_protein_per_1000_kcal,HEI-2015_density_of_seafood_and_plant_proteins_per_1000_kcal,HEI-2015_fatty_acid_ratio,HEI-2015_density_of_sodium_per_1000_kcal,HEI-2015_density_of_refined_grains_per_1000_kcal,HEI-2015_percent_of_calories_from_saturated_fats,percent_calories_from_added_sugars
MicroPD-5-T0,Plate1,A1,i7_R1_515rcbc105,GTTACCTCAGAG,i5_F1_515rcbc110,CCTTGACCGATG,DualGolay16S,16S rRNA Sequencing,5,T0,5_T0,5_T0,yes,7/15/19,7_19,7,,,102,0,76,76,75_79,75_79,,,,,,5,T0,,,,,,,,,,,,,,,,,,no,,,,,,,,,,,,,,,,,,,,,,,,,,,,,,,,,,,,,,,,,,,,,,,,,,,,,,,,,,,,,,,,,,,,,,,,,,,,,,,,,,,,,,,,,,,,,,,,,,,,,,,,,,,,,,,,,,,,,,,,,,,,,,,,,,,,,,,,,,,,,,,,,,,,,,,,,,,,,,,,,,,,,,,,,,,,,,,,,,,,,,,,,,,,,,,,,,,,,,,,,,,,,,,,,,,,,,,,,,,,,,,,,,,,,,,,,,,,,,,,,,,,,,,,,,,,,,,,,,,,,,,,,,,,,,,,,,,,,,,,,,,,,,,,,,,,,,,,,,
MicroPD-5-T1,Plate1,A2,i7_R1_515rcbc105,GTTACCTCAGAG,i5_F2_515rcbc184,TTAAGTTAAGTT,DualGolay16S,16S rRNA Sequencing,5,T1,5_T1,5_T1,no,8/13/19,8_19,8,4.14,,102,0,76,,75_79,,,,,,,,T1,,,,,,,,,,,,,,,,,,no,,,,,,,,,,,,,,,,,,,,,,,,,,,,,,,,,,,,,,,,,,,,,,,,,,,,,,,,,,,,,,,,,,,,,,,,,,,,,,,,,,,,,,,,,,,,,,,,,,,,,,,,,,,,,,,,,,,,,,,,,,,,,,,,,,,,,,,,,,,,,,,,,,,,,,,,,,,,,,,,,,,,,,,,,,,,,,,,,,,,,,,,,,,,,,,,,,,,,,,,,,,,,,,,,,,,,,,,,,,,,,,,,,,,,,,,,,,,,,,,,,,,,,,,,,,,,,,,,,,,,,,,,,,,,,,,,,,,,,,,,,,,,,,,,,,,,,,,,,
MicroPD-5-T2,Plate1,A3,i7_R1_515rcbc105,GTTACCTCAGAG,i5_F3_515rcbc434,TGCGCGCCTTCC,DualGolay16S,16S rRNA Sequencing,5,T2,5_T2,5_T2,no,9/9/19,9_19,9,,3.86,102,0,76,,75_79,,,,,,,,T2,,,,,,,,,,,,,,,,,,no,,,,,,,,,,,,,,,,,,,,,,,,,,,,,,,,,,,,,,,,,,,,,,,,,,,,,,,,,,,,,,,,,,,,,,,,,,,,,,,,,,,,,,,,,,,,,,,,,,,,,,,,,,,,,,,,,,,,,,,,,,,,,,,,,,,,,,,,,,,,,,,,,,,,,,,,,,,,,,,,,,,,,,,,,,,,,,,,,,,,,,,,,,,,,,,,,,,,,,,,,,,,,,,,,,,,,,,,,,,,,,,,,,,,,,,,,,,,,,,,,,,,,,,,,,,,,,,,,,,,,,,,,,,,,,,,,,,,,,,,,,,,,,,,,,,,,,,,,,
MicroPD-6-T0,Plate1,A4,i7_R1_515rcbc105,GTTACCTCAGAG,i5_F4_515rcbc443,GCAAAGGCCCGC,DualGolay16S,16S rRNA Sequencing,6,T0,6_T0,6_T0,yes,8/14/19,8_19,8,,,107,0,67,67,65_69,65_69,,,,,,6,,T0,,,,,,,,,,,,,,,,,no,,,,,,,,,,,,,,,,,,,,,,,,,,,,,,,,,,,,,,,,,,,,,,,,,,,,,,,,,,,,,,,,,,,,,,,,,,,,,,,,,,,,,,,,,,,,,,,,,,,,,,,,,,,,,,,,,,,,,,,,,,,,,,,,,,,,,,,,,,,,,,,,,,,,,,,,,,,,,,,,,,,,,,,,,,,,,,,,,,,,,,,,,,,,,,,,,,,,,,,,,,,,,,,,,,,,,,,,,,,,,,,,,,,,,,,,,,,,,,,,,,,,,,,,,,,,,,,,,,,,,,,,,,,,,,,,,,,,,,,,,,,,,,,,,,,,,,,,,,
MicroPD-6-T1,Plate1,A5,i7_R1_515rcbc105,GTTACCTCAGAG,i5_F5_515rcbc551,GAATGCGTATAA,DualGolay16S,16S rRNA Sequencing,6,T1,6_T1,6_T1,,11/17/19,11_19,11,13.57,,107,0,67,,65_69,,,,,,,,,T1,,,,,,,,,,,,,,,,,no,,,,,,,,,,,,,,,,,,,,,,,,,,,,,,,,,,,,,,,,,,,,,,,,,,,,,,,,,,,,,,,,,,,,,,,,,,,,,,,,,,,,,,,,,,,,,,,,,,,,,,,,,,,,,,,,,,,,,,,,,,,,,,,,,,,,,,,,,,,,,,,,,,,,,,,,,,,,,,,,,,,,,,,,,,,,,,,,,,,,,,,,,,,,,,,,,,,,,,,,,,,,,,,,,,,,,,,,,,,,,,,,,,,,,,,,,,,,,,,,,,,,,,,,,,,,,,,,,,,,,,,,,,,,,,,,,,,,,,,,,,,,,,,,,,,,,,,,,,
MicroPD-6-T2,Plate1,A6,i7_R1_515rcbc105,GTTACCTCAGAG,i5_F6_515rcbc587,TAGGTAACCGAT,DualGolay16S,16S rRNA Sequencing,6,T2,6_T2,6_T2,,11/20/19,11_19,11,,0.43,107,0,67,,65_69,,,,,,,,,T2,,,,,,,,,,,,,,,,,no,,,,,,,,,,,,,,,,,,,,,,,,,,,,,,,,,,,,,,,,,,,,,,,,,,,,,,,,,,,,,,,,,,,,,,,,,,,,,,,,,,,,,,,,,,,,,,,,,,,,,,,,,,,,,,,,,,,,,,,,,,,,,,,,,,,,,,,,,,,,,,,,,,,,,,,,,,,,,,,,,,,,,,,,,,,,,,,,,,,,,,,,,,,,,,,,,,,,,,,,,,,,,,,,,,,,,,,,,,,,,,,,,,,,,,,,,,,,,,,,,,,,,,,,,,,,,,,,,,,,,,,,,,,,,,,,,,,,,,,,,,,,,,,,,,,,,,,,,,
MicroPD-7-T0,Plate1,A7,i7_R1_515rcbc105,GTTACCTCAGAG,i5_F7_515rcbc621,GAGTCCGTTGCT,DualGolay16S,16S rRNA Sequencing,7,T0,7_T0,7_T0,yes,8/23/19,8_19,8,,,103,1,74,74,70_74,70_74,,,,,,7,,,T0,,,,,,,,,,,,,,,,no,,,,,,,,,,,,,,,,,,,,,,,,,,,,,,,,,,,,,,,,,,,,,,,,,,,,,,,,,,,,,,,,,,,,,,,,,,,,,,,,,,,,,,,,,,,,,,,,,,,,,,,,,,,,,,,,,,,,,,,,,,,,,,,,,,,,,,,,,,,,,,,,,,,,,,,,,,,,,,,,,,,,,,,,,,,,,,,,,,,,,,,,,,,,,,,,,,,,,,,,,,,,,,,,,,,,,,,,,,,,,,,,,,,,,,,,,,,,,,,,,,,,,,,,,,,,,,,,,,,,,,,,,,,,,,,,,,,,,,,,,,,,,,,,,,,,,,,,,,
MicroPD-7-T1,Plate1,A8,i7_R1_515rcbc105,GTTACCTCAGAG,i5_F8_515rcbc628,GTGGGCGGCCCT,DualGolay16S,16S rRNA Sequencing,7,T1,7_T1,7_T1,,9/15/19,9_19,9,3.29,,103,1,74,,70_74,,,,,,,,,,T1,,,,,,,,,,,,,,,,no,,,,,,,,,,,,,,,,,,,,,,,,,,,,,,,,,,,,,,,,,,,,,,,,,,,,,,,,,,,,,,,,,,,,,,,,,,,,,,,,,,,,,,,,,,,,,,,,,,,,,,,,,,,,,,,,,,,,,,,,,,,,,,,,,,,,,,,,,,,,,,,,,,,,,,,,,,,,,,,,,,,,,,,,,,,,,,,,,,,,,,,,,,,,,,,,,,,,,,,,,,,,,,,,,,,,,,,,,,,,,,,,,,,,,,,,,,,,,,,,,,,,,,,,,,,,,,,,,,,,,,,,,,,,,,,,,,,,,,,,,,,,,,,,,,,,,,,,,,
MicroPD-7-T2,Plate1,A9,i7_R1_515rcbc105,GTTACCTCAGAG,i5_F9_515rcbc679,AACCGATGTACC,DualGolay16S,16S rRNA Sequencing,7,T2,7_T2,7_T2,,10/16/19,10_19,10,,4.43,103,1,74,,70_74,,,,,,,,,,T2,,,,,,,,,,,,,,,,no,,,,,,,,,,,,,,,,,,,,,,,,,,,,,,,,,,,,,,,,,,,,,,,,,,,,,,,,,,,,,,,,,,,,,,,,,,,,,,,,,,,,,,,,,,,,,,,,,,,,,,,,,,,,,,,,,,,,,,,,,,,,,,,,,,,,,,,,,,,,,,,,,,,,,,,,,,,,,,,,,,,,,,,,,,,,,,,,,,,,,,,,,,,,,,,,,,,,,,,,,,,,,,,,,,,,,,,,,,,,,,,,,,,,,,,,,,,,,,,,,,,,,,,,,,,,,,,,,,,,,,,,,,,,,,,,,,,,,,,,,,,,,,,,,,,,,,,,,,
MicroPD-13-T0,Plate1,A10,i7_R1_515rcbc105,GTTACCTCAGAG,i5_F10_515rcbc695,CTAAATACCCTT,DualGolay16S,16S rRNA Sequencing,13,T0,13_T0,13_T0,yes,11/20/19,11_19,11,,,109,1,53,53,50_54,50_54,,,,,,13,,,,T0,,,,,,,,,,,,,,,no,,,,,,,,,,,,,,,,,,,,,,,,,,,,,,,,,,,,,,,,,,,,,,,,,,,,,,,,,,,,,,,,,,,,,,,,,,,,,,,,,,,,,,,,,,,,,,,,,,,,,,,,,,,,,,,,,,,,,,,,,,,,,,,,,,,,,,,,,,,,,,,,,,,,,,,,,,,,,,,,,,,,,,,,,,,,,,,,,,,,,,,,,,,,,,,,,,,,,,,,,,,,,,,,,,,,,,,,,,,,,,,,,,,,,,,,,,,,,,,,,,,,,,,,,,,,,,,,,,,,,,,,,,,,,,,,,,,,,,,,,,,,,,,,,,,,,,,,,,
MicroPD-13-T1,Plate1,A11,i7_R1_515rcbc105,GTTACCTCAGAG,i5_F11_515rcbc789,CGTCGTCTAAGA,DualGolay16S,16S rRNA Sequencing,13,T1,13_T1,13_T1,,12/4/19,11_19,11,-0.29,,109,1,53,,50_54,,,,,,,,,,,T1,,,,,,,,,,,,,,,no,,,,,,,,,,,,,,,,,,,,,,,,,,,,,,,,,,,,,,,,,,,,,,,,,,,,,,,,,,,,,,,,,,,,,,,,,,,,,,,,,,,,,,,,,,,,,,,,,,,,,,,,,,,,,,,,,,,,,,,,,,,,,,,,,,,,,,,,,,,,,,,,,,,,,,,,,,,,,,,,,,,,,,,,,,,,,,,,,,,,,,,,,,,,,,,,,,,,,,,,,,,,,,,,,,,,,,,,,,,,,,,,,,,,,,,,,,,,,,,,,,,,,,,,,,,,,,,,,,,,,,,,,,,,,,,,,,,,,,,,,,,,,,,,,,,,,,,,,,
MicroPD-13-T2,Plate3,A1,i7_R17_515rcbc2,TGTAGCAGGGCT,i5_F1_515rcbc110,CCTTGACCGATG,DualGolay16S,16S rRNA Sequencing,13,T2,13_T2,13_T2,,2/11/20,2_20,2,,12.14,109,1,53,,50_54,,,,,,,,,,,T2,,,,,,,,,,,,,,,no,,,,,,,,,,,,,,,,,,,,,,,,,,,,,,,,,,,,,,,,,,,,,,,,,,,,,,,,,,,,,,,,,,,,,,,,,,,,,,,,,,,,,,,,,,,,,,,,,,,,,,,,,,,,,,,,,,,,,,,,,,,,,,,,,,,,,,,,,,,,,,,,,,,,,,,,,,,,,,,,,,,,,,,,,,,,,,,,,,,,,,,,,,,,,,,,,,,,,,,,,,,,,,,,,,,,,,,,,,,,,,,,,,,,,,,,,,,,,,,,,,,,,,,,,,,,,,,,,,,,,,,,,,,,,,,,,,,,,,,,,,,,,,,,,,,,,,,,,,
MicroPD-15-T0,Plate1,B1,i7_R2_515rcbc158,AACCTTTATCGG,i5_F1_515rcbc110,CCTTGACCGATG,DualGolay16S,16S rRNA Sequencing,15,T0,15_T0,15_T0,yes,11/4/19,11_19,11,,,108,1,69,69,65_69,65_69,,,,,,15,,,,,T0,,,,,,,,,,,,,,no,,,,,,,,,,,,,,,,,,,,,,,,,,,,,,,,,,,,,,,,,,,,,,,,,,,,,,,,,,,,,,,,,,,,,,,,,,,,,,,,,,,,,,,,,,,,,,,,,,,,,,,,,,,,,,,,,,,,,,,,,,,,,,,,,,,,,,,,,,,,,,,,,,,,,,,,,,,,,,,,,,,,,,,,,,,,,,,,,,,,,,,,,,,,,,,,,,,,,,,,,,,,,,,,,,,,,,,,,,,,,,,,,,,,,,,,,,,,,,,,,,,,,,,,,,,,,,,,,,,,,,,,,,,,,,,,,,,,,,,,,,,,,,,,,,,,,,,,,,
MicroPD-15-T1,Plate1,B2,i7_R2_515rcbc158,AACCTTTATCGG,i5_F2_515rcbc184,TTAAGTTAAGTT,DualGolay16S,16S rRNA Sequencing,15,T1,15_T1,15_T1,,11/18/19,11_19,11,2.00,,108,1,69,,65_69,,,,,,,,,,,,T1,,,,,,,,,,,,,,no,,,,,,,,,,,,,,,,,,,,,,,,,,,,,,,,,,,,,,,,,,,,,,,,,,,,,,,,,,,,,,,,,,,,,,,,,,,,,,,,,,,,,,,,,,,,,,,,,,,,,,,,,,,,,,,,,,,,,,,,,,,,,,,,,,,,,,,,,,,,,,,,,,,,,,,,,,,,,,,,,,,,,,,,,,,,,,,,,,,,,,,,,,,,,,,,,,,,,,,,,,,,,,,,,,,,,,,,,,,,,,,,,,,,,,,,,,,,,,,,,,,,,,,,,,,,,,,,,,,,,,,,,,,,,,,,,,,,,,,,,,,,,,,,,,,,,,,,,,
MicroPD-15-T2,Plate1,B3,i7_R2_515rcbc158,AACCTTTATCGG,i5_F3_515rcbc434,TGCGCGCCTTCC,DualGolay16S,16S rRNA Sequencing,15,T2,15_T2,15_T2,,1/12/20,1_20,1,,7.86,108,1,69,,65_69,,,,,,,,,,,,T2,,,,,,,,,,,,,,no,,,,,,,,,,,,,,,,,,,,,,,,,,,,,,,,,,,,,,,,,,,,,,,,,,,,,,,,,,,,,,,,,,,,,,,,,,,,,,,,,,,,,,,,,,,,,,,,,,,,,,,,,,,,,,,,,,,,,,,,,,,,,,,,,,,,,,,,,,,,,,,,,,,,,,,,,,,,,,,,,,,,,,,,,,,,,,,,,,,,,,,,,,,,,,,,,,,,,,,,,,,,,,,,,,,,,,,,,,,,,,,,,,,,,,,,,,,,,,,,,,,,,,,,,,,,,,,,,,,,,,,,,,,,,,,,,,,,,,,,,,,,,,,,,,,,,,,,,,
MicroPD-19-T0,Plate1,B4,i7_R2_515rcbc158,AACCTTTATCGG,i5_F4_515rcbc443,GCAAAGGCCCGC,DualGolay16S,16S rRNA Sequencing,19,T0,19_T0,19_T0,yes,11/24/19,11_19,11,,,110,0,73,73,70_74,70_74,,,,,,19,,,,,,T0,,,,,,,,,,,,,no,,,,,,,,,,,,,,,,,,,,,,,,,,,,,,,,,,,,,,,,,,,,,,,,,,,,,,,,,,,,,,,,,,,,,,,,,,,,,,,,,,,,,,,,,,,,,,,,,,,,,,,,,,,,,,,,,,,,,,,,,,,,,,,,,,,,,,,,,,,,,,,,,,,,,,,,,,,,,,,,,,,,,,,,,,,,,,,,,,,,,,,,,,,,,,,,,,,,,,,,,,,,,,,,,,,,,,,,,,,,,,,,,,,,,,,,,,,,,,,,,,,,,,,,,,,,,,,,,,,,,,,,,,,,,,,,,,,,,,,,,,,,,,,,,,,,,,,,,,
MicroPD-19-T1,Plate1,B5,i7_R2_515rcbc158,AACCTTTATCGG,i5_F5_515rcbc551,GAATGCGTATAA,DualGolay16S,16S rRNA Sequencing,19,T1,19_T1,19_T1,,12/8/19,12_19,12,2.00,,110,0,73,,70_74,,,,,,,,,,,,,T1,,,,,,,,,,,,,no,,,,,,,,,,,,,,,,,,,,,,,,,,,,,,,,,,,,,,,,,,,,,,,,,,,,,,,,,,,,,,,,,,,,,,,,,,,,,,,,,,,,,,,,,,,,,,,,,,,,,,,,,,,,,,,,,,,,,,,,,,,,,,,,,,,,,,,,,,,,,,,,,,,,,,,,,,,,,,,,,,,,,,,,,,,,,,,,,,,,,,,,,,,,,,,,,,,,,,,,,,,,,,,,,,,,,,,,,,,,,,,,,,,,,,,,,,,,,,,,,,,,,,,,,,,,,,,,,,,,,,,,,,,,,,,,,,,,,,,,,,,,,,,,,,,,,,,,,,
MicroPD-19-T2,Plate1,B6,i7_R2_515rcbc158,AACCTTTATCGG,i5_F6_515rcbc587,TAGGTAACCGAT,DualGolay16S,16S rRNA Sequencing,19,T2,19_T2,19_T2,,1/4/20,1_20,1,,3.86,110,0,73,,70_74,,,,,,,,,,,,,T2,,,,,,,,,,,,,no,,,,,,,,,,,,,,,,,,,,,,,,,,,,,,,,,,,,,,,,,,,,,,,,,,,,,,,,,,,,,,,,,,,,,,,,,,,,,,,,,,,,,,,,,,,,,,,,,,,,,,,,,,,,,,,,,,,,,,,,,,,,,,,,,,,,,,,,,,,,,,,,,,,,,,,,,,,,,,,,,,,,,,,,,,,,,,,,,,,,,,,,,,,,,,,,,,,,,,,,,,,,,,,,,,,,,,,,,,,,,,,,,,,,,,,,,,,,,,,,,,,,,,,,,,,,,,,,,,,,,,,,,,,,,,,,,,,,,,,,,,,,,,,,,,,,,,,,,,
MicroPD-21-T0,Plate1,B7,i7_R2_515rcbc158,AACCTTTATCGG,i5_F7_515rcbc621,GAGTCCGTTGCT,DualGolay16S,16S rRNA Sequencing,21,T0,21_T0,21_T0,yes,11/20/19,11_19,11,,,111,1,60,60,60_64,60_64,,,,,,21,,,,,,,T0,,,,,,,,,,,,no,,,,,,,,,,,,,,,,,,,,,,,,,,,,,,,,,,,,,,,,,,,,,,,,,,,,,,,,,,,,,,,,,,,,,,,,,,,,,,,,,,,,,,,,,,,,,,,,,,,,,,,,,,,,,,,,,,,,,,,,,,,,,,,,,,,,,,,,,,,,,,,,,,,,,,,,,,,,,,,,,,,,,,,,,,,,,,,,,,,,,,,,,,,,,,,,,,,,,,,,,,,,,,,,,,,,,,,,,,,,,,,,,,,,,,,,,,,,,,,,,,,,,,,,,,,,,,,,,,,,,,,,,,,,,,,,,,,,,,,,,,,,,,,,,,,,,,,,,,
MicroPD-21-T1,Plate1,B8,i7_R2_515rcbc158,AACCTTTATCGG,i5_F8_515rcbc628,GTGGGCGGCCCT,DualGolay16S,16S rRNA Sequencing,21,T1,21_T1,21_T1,,1/27/20,1_20,1,9.71,,111,1,60,,60_64,,,,,,,,,,,,,,T1,,,,,,,,,,,,no,,,,,,,,,,,,,,,,,,,,,,,,,,,,,,,,,,,,,,,,,,,,,,,,,,,,,,,,,,,,,,,,,,,,,,,,,,,,,,,,,,,,,,,,,,,,,,,,,,,,,,,,,,,,,,,,,,,,,,,,,,,,,,,,,,,,,,,,,,,,,,,,,,,,,,,,,,,,,,,,,,,,,,,,,,,,,,,,,,,,,,,,,,,,,,,,,,,,,,,,,,,,,,,,,,,,,,,,,,,,,,,,,,,,,,,,,,,,,,,,,,,,,,,,,,,,,,,,,,,,,,,,,,,,,,,,,,,,,,,,,,,,,,,,,,,,,,,,,,
MicroPD-21-T2,Plate1,B9,i7_R2_515rcbc158,AACCTTTATCGG,i5_F9_515rcbc679,AACCGATGTACC,DualGolay16S,16S rRNA Sequencing,21,T2,21_T2,21_T2,,3/19/20,3_20,3,,7.43,111,1,60,,60_64,,,,,,,,,,,,,,T2,,,,,,,,,,,,no,,,,,,,,,,,,,,,,,,,,,,,,,,,,,,,,,,,,,,,,,,,,,,,,,,,,,,,,,,,,,,,,,,,,,,,,,,,,,,,,,,,,,,,,,,,,,,,,,,,,,,,,,,,,,,,,,,,,,,,,,,,,,,,,,,,,,,,,,,,,,,,,,,,,,,,,,,,,,,,,,,,,,,,,,,,,,,,,,,,,,,,,,,,,,,,,,,,,,,,,,,,,,,,,,,,,,,,,,,,,,,,,,,,,,,,,,,,,,,,,,,,,,,,,,,,,,,,,,,,,,,,,,,,,,,,,,,,,,,,,,,,,,,,,,,,,,,,,,,
MicroPD-28-T0,Plate1,B10,i7_R2_515rcbc158,AACCTTTATCGG,i5_F10_515rcbc695,CTAAATACCCTT,DualGolay16S,16S rRNA Sequencing,28,T0,28_T0,28_T0,yes,7/21/20,7_20,7,,,115,1,58,58,55_59,55_59,52,6,54,yes,4,28,,,,,,,,T0,,,,,,,,,,,no,,,,,,,,,,,,,,,,,,,,,,,,,,,,,,,,,,,,,,,,,,,,,,,,,,,,,,,,,,,,,,,,,,,,,,,,,,,,,,,,,,,,,,,,,,,,,,,,,,,,,,,,,,,,,,,,,,,,,,,,,,,,,,,,,,,,,,,,,,,,,,,,,,,,,,,,,,,,,,,,,,,,,,,,,,,,,,,,,,,,,,,,,,,,,,,,,,,,,,,,,,,,,,,,,,,,,,,,,,,,,,,,,,,,,,,,,,,,,,,,,,,,,,,,,,,,,,,,,,,,,,,,,,,,,,,,,,,,,,,,,,,,,,,,,,,,,,,,,,
MicroPD-28-T1,Plate1,B11,i7_R2_515rcbc158,AACCTTTATCGG,i5_F11_515rcbc789,CGTCGTCTAAGA,DualGolay16S,16S rRNA Sequencing,28,T1,28_T1,28_T1,,8/5/20,8_20,8,2.14,,115,1,58,,55_59,,52,,54,,,,,,,,,,,T1,,,,,,,,,,,no,,,,,,,,,,,,,,,,,,,,,,,,,,,,,,,,,,,,,,,,,,,,,,,,,,,,,,,,,,,,,,,,,,,,,,,,,,,,,,,,,,,,,,,,,,,,,,,,,,,,,,,,,,,,,,,,,,,,,,,,,,,,,,,,,,,,,,,,,,,,,,,,,,,,,,,,,,,,,,,,,,,,,,,,,,,,,,,,,,,,,,,,,,,,,,,,,,,,,,,,,,,,,,,,,,,,,,,,,,,,,,,,,,,,,,,,,,,,,,,,,,,,,,,,,,,,,,,,,,,,,,,,,,,,,,,,,,,,,,,,,,,,,,,,,,,,,,,,,,
MicroPD-28-T2,Plate1,B12,i7_R2_515rcbc158,AACCTTTATCGG,i5_F12_515rcbc950,ACTTCATCGTAT,DualGolay16S,16S rRNA Sequencing,28,T2,28_T2,28_T2,,9/2/20,9_20,9,,4.00,115,1,58,,55_59,,52,,54,,,,,,,,,,,T2,,,,,,,,,,,no,,,,,,,,,,,,,,,,,,,,,,,,,,,,,,,,,,,,,,,,,,,,,,,,,,,,,,,,,,,,,,,,,,,,,,,,,,,,,,,,,,,,,,,,,,,,,,,,,,,,,,,,,,,,,,,,,,,,,,,,,,,,,,,,,,,,,,,,,,,,,,,,,,,,,,,,,,,,,,,,,,,,,,,,,,,,,,,,,,,,,,,,,,,,,,,,,,,,,,,,,,,,,,,,,,,,,,,,,,,,,,,,,,,,,,,,,,,,,,,,,,,,,,,,,,,,,,,,,,,,,,,,,,,,,,,,,,,,,,,,,,,,,,,,,,,,,,,,,,
MicroPD-30-T0,Plate1,C1,i7_R3_515rcbc263,GGTTATTCCTAT,i5_F1_515rcbc110,CCTTGACCGATG,DualGolay16S,16S rRNA Sequencing,30,T0,30_T0,30_T0,yes,8/11/20,8_20,8,,,116,1,55,55,55_59,55_59,50,5,50,yes,5,30,,,,,,,,,T0,,,,,,,,,,yes,20210306,4352.11,3850.53,17.93,1.04,153.4,24.95,150.55,74.52,76.03,155.44,55.44,41.25,63.74,38.28,41.18,67.69,37.24,33.2,237.2,53.22,487.33,187.63,191.04,95.25,87.47,441.82,262.52,375.3,34.62,0.57,30.64,32.83,3.59,88.48,221.32,47.12,44.85,10.12,34.95,6.53,1012.27,11561.72,1381.58,1854.86,4175.7,4838.82,362.41,137.7,5048.59,12068.99,24.16,23.53,1.46,28.86,2.55,30.08,6.04,35.79,22.52,2.25,281.61,129.15,3.59,4.79,60.79,86.71,4.84,1169.92,1636.08,503.01,666.56,11.41,4.67,9.6,11.93,10.54,0.01,10.54,1789.34,2758.47,730.6,38.69,24,2.78,185.35,5303.4,5225.22,8.24,0.69,0.37,0.3,0.67,1.02,2.74,23.4,0.18,8.83,0.89,1.71,1.13,60.61,0.98,0.05,0.16,35.87,1.71,1.42,0.03,0.1,0.07,0.03,0.13,7.25,0.91,0.05,8.25,1.77,0.13,0.11,0.02,1.82,5.37,6.28,11.78,8.55,2.9,1.95,6.91,5.19,7.32,9.05,3.9,6.52,13.82,31.86,6.11,10.62,7.23,0.47,0.79,0.11,0.04,0.16,0,0,0.64,0,0,0,0.84,0.01,0.7,0.04,67.45,66.89,3521.85,3550,480.46,2.43,0,2068.49,618.02,13.88,0.02,31.65,0.23,0.17,1.73,353.81,0.89,2.43,3.32,0.31,3.63,0.84,0.4,0.07,0.47,0.32,0.08,0.4,0.65,2.35,0.04,2.87,10.98,13.85,0.96,1.58,0,1.06,0.66,0.36,1.02,4.63,0.23,3.84,0.02,8.58,0.15,8.75,13.47,1.86,0.71,1.19,3.79,65.96,46.75,19.43,0.07,36.33,50.62,15.94,0.19,9.64,14.9,8.95,0,0,0,0,0,0,0,0,0,0,0,0,0,0,0,0,0,0,0,0,0,0,0,0,0,0,0,0,0,0,0,0,0,0,0,0,0,0,0,0,0,0,0,0,0,0,0,0,0,0,0,0,0,80,2.82,5,5,5,4.97,7.56,5,5,9.8,6.92,5.79,7.95,9.19,0.62,0.23,0.94,0.86,0.75,0.98,3.53,2.54,2.47,1.38,2.85,9.64,8.07
MicroPD-30-T1,Plate1,C2,i7_R3_515rcbc263,GGTTATTCCTAT,i5_F2_515rcbc184,TTAAGTTAAGTT,DualGolay16S,16S rRNA Sequencing,30,T1,30_T1,30_T1,,8/31/20,8_20,8,2.86,,116,1,55,,55_59,,50,,50,,,,,,,,,,,,T1,,,,,,,,,,no,,,,,,,,,,,,,,,,,,,,,,,,,,,,,,,,,,,,,,,,,,,,,,,,,,,,,,,,,,,,,,,,,,,,,,,,,,,,,,,,,,,,,,,,,,,,,,,,,,,,,,,,,,,,,,,,,,,,,,,,,,,,,,,,,,,,,,,,,,,,,,,,,,,,,,,,,,,,,,,,,,,,,,,,,,,,,,,,,,,,,,,,,,,,,,,,,,,,,,,,,,,,,,,,,,,,,,,,,,,,,,,,,,,,,,,,,,,,,,,,,,,,,,,,,,,,,,,,,,,,,,,,,,,,,,,,,,,,,,,,,,,,,,,,,,,,,,,,,,
MicroPD-30-T2,Plate1,C3,i7_R3_515rcbc263,GGTTATTCCTAT,i5_F3_515rcbc434,TGCGCGCCTTCC,DualGolay16S,16S rRNA Sequencing,30,T2,30_T2,30_T2,,11/17/20,11_20,11,,11.14,116,1,55,,55_59,,50,,50,,,,,,,,,,,,T2,,,,,,,,,,no,,,,,,,,,,,,,,,,,,,,,,,,,,,,,,,,,,,,,,,,,,,,,,,,,,,,,,,,,,,,,,,,,,,,,,,,,,,,,,,,,,,,,,,,,,,,,,,,,,,,,,,,,,,,,,,,,,,,,,,,,,,,,,,,,,,,,,,,,,,,,,,,,,,,,,,,,,,,,,,,,,,,,,,,,,,,,,,,,,,,,,,,,,,,,,,,,,,,,,,,,,,,,,,,,,,,,,,,,,,,,,,,,,,,,,,,,,,,,,,,,,,,,,,,,,,,,,,,,,,,,,,,,,,,,,,,,,,,,,,,,,,,,,,,,,,,,,,,,,
MicroPD-32-T0,Plate1,C4,i7_R3_515rcbc263,GGTTATTCCTAT,i5_F4_515rcbc443,GCAAAGGCCCGC,DualGolay16S,16S rRNA Sequencing,32,T0,32_T0,32_T0,yes,9/16/20,9_20,9,,,120,0,64,64,60_64,60_64,61,3,61,yes,3,32,,,,,,,,,,T0,,,,,,,,,yes,20200831,1546.92,462.07,2.73,0,17.54,2.96,18.12,9.89,8.24,20.09,7.75,5.74,6.93,5.72,5.68,6.93,5.6,23.6,41.56,7.8,54.89,15.67,15.55,11.38,9.88,50.32,29.69,42.44,2.43,0.02,2.78,1,0.75,8.56,27.19,5.1,5.18,1.21,3.98,0.93,63.41,3937.62,243.92,442.26,2120.43,2216.96,69.38,23.15,3454.93,2191.02,2.6,2.47,0.02,2.97,0.13,4.15,0.96,3.69,2.46,0.03,182.06,26.02,0.41,0.51,6.23,9.2,0.43,171.88,205.5,124.09,47.92,0.97,0.02,1.04,0.57,0.53,0,0.53,184.33,255.37,101.75,3.99,2.55,0.5,30.78,961.54,928.13,2.96,0.09,0.06,0.04,0.08,0.16,0.37,3.2,0.02,1.55,0.04,0.03,0.25,6.53,0.06,0,0.01,4.97,0.68,0.68,0,0.02,0,0,0.02,0.63,0.11,0.01,0.75,0.71,0.03,0.02,0.01,0.21,0.7,0.76,1.34,1.14,0.38,0.25,0.78,0.57,0.86,1.07,0.5,0.91,1.55,3.6,0.83,1.09,0.78,0.04,0.06,0.01,0,0.01,0,0,0.06,0,0,0,0.06,0,0.09,0,180.28,33.22,1450.05,1451.81,70.31,9.94,0.41,152.73,147.7,4.26,0,4.28,0.14,0.01,0.35,66.05,0.01,0.07,0.08,0.03,0.11,0.33,0.13,0.01,0.13,0.05,0.06,0.11,0.11,0.69,0,0.03,1.65,1.68,0.34,0.62,0.01,0.11,0.08,0.13,0.22,1.31,0.03,1.12,0,0.32,0.02,0.34,1.66,0.06,0,0.02,0.08,8.66,7.02,2.27,0,39.13,47.52,15.18,0,11.17,13.5,11.15,0,0,0,0,0,0,0,0,0,0,0,0,0,0,1000,0,0,0,0,0,0,0,0,0,0,0,0,50,0,0,0,0,0,0,0,0,0,0,0,0,0,0,0,0,0,0,0,0,0,0,0,0,0,51.58,5,5,1.55,2.25,0.42,1.35,5,5,7.74,0,2.93,6.03,9.3,1.5,0.73,0.25,0.18,0.06,0.18,3.63,1.2,2.21,2.08,3.57,11.17,7.87
MicroPD-32-T1,Plate1,C5,i7_R3_515rcbc263,GGTTATTCCTAT,i5_F5_515rcbc551,GAATGCGTATAA,DualGolay16S,16S rRNA Sequencing,32,T1,32_T1,32_T1,,10/7/20,10_20,10,3.00,,120,0,64,,60_64,,61,,61,,,,,,,,,,,,,T1,,,,,,,,,no,,,,,,,,,,,,,,,,,,,,,,,,,,,,,,,,,,,,,,,,,,,,,,,,,,,,,,,,,,,,,,,,,,,,,,,,,,,,,,,,,,,,,,,,,,,,,,,,,,,,,,,,,,,,,,,,,,,,,,,,,,,,,,,,,,,,,,,,,,,,,,,,,,,,,,,,,,,,,,,,,,,,,,,,,,,,,,,,,,,,,,,,,,,,,,,,,,,,,,,,,,,,,,,,,,,,,,,,,,,,,,,,,,,,,,,,,,,,,,,,,,,,,,,,,,,,,,,,,,,,,,,,,,,,,,,,,,,,,,,,,,,,,,,,,,,,,,,,,,
MicroPD-32-T2,Plate1,C6,i7_R3_515rcbc263,GGTTATTCCTAT,i5_F6_515rcbc587,TAGGTAACCGAT,DualGolay16S,16S rRNA Sequencing,32,T2,32_T2,32_T2,,11/16/20,11_20,11,,5.71,120,0,64,,60_64,,61,,61,,,,,,,,,,,,,T2,,,,,,,,,no,,,,,,,,,,,,,,,,,,,,,,,,,,,,,,,,,,,,,,,,,,,,,,,,,,,,,,,,,,,,,,,,,,,,,,,,,,,,,,,,,,,,,,,,,,,,,,,,,,,,,,,,,,,,,,,,,,,,,,,,,,,,,,,,,,,,,,,,,,,,,,,,,,,,,,,,,,,,,,,,,,,,,,,,,,,,,,,,,,,,,,,,,,,,,,,,,,,,,,,,,,,,,,,,,,,,,,,,,,,,,,,,,,,,,,,,,,,,,,,,,,,,,,,,,,,,,,,,,,,,,,,,,,,,,,,,,,,,,,,,,,,,,,,,,,,,,,,,,,
MicroPD-36-T0,Plate1,C7,i7_R3_515rcbc263,GGTTATTCCTAT,i5_F7_515rcbc621,GAGTCCGTTGCT,DualGolay16S,16S rRNA Sequencing,36,T0,36_T0,36_T0,yes,12/21/20,12_20,12,,,125,1,70,70,70_74,70_74,63,7,64,yes,6,36,,,,,,,,,,,T0,,,,,,,,yes,20210304,2596.89,2354.2,7.6,30.34,83.69,13.11,81.39,55.57,25.82,100.29,50.77,34.91,36.88,19.89,36.46,36.59,20.51,26.04,386.23,56.81,235.74,96.93,96.72,57.03,47.43,220.22,127.51,182.3,16.64,0.41,17.12,16.18,2.93,44.14,103.17,17.3,20.99,8.38,12.59,2.71,599.95,13295.38,1129,1718.78,6031.56,6809.37,510.79,90.32,8155.21,3271.22,11.12,13.36,0.24,15.6,0.73,15.19,3.47,20.09,13.03,0.72,414.99,107.54,1.67,2.63,25.71,38.57,2.12,466.57,593.94,284.6,182,5.34,0.85,6.88,8.61,8.14,0,8.14,1247.51,1503.95,324.57,15.89,11.87,1.15,116.97,3609.37,3399.37,3.76,1.07,0.64,0.52,0.97,1.63,3.63,18,0.18,7.59,0.18,0.1,1.31,34.55,0.32,0.02,0.13,17.26,2.01,2.19,0.02,0.16,0.06,0.02,0.13,3.15,0.48,0.05,3.72,2.49,0.19,0.16,0.03,0.94,3.22,3.65,6.33,5.54,1.88,1.09,3.63,2.89,4.22,4.33,2.21,3.88,7.33,15.41,3.33,5.33,3.83,0.55,0.58,0.08,0.23,0.15,0,0,0.43,0,0,0,0.18,0.01,0.23,0.01,291.01,27.77,2124.54,2143.3,414.27,4.78,2.12,613.01,321.74,15.22,0.03,20.34,0.82,2.1,1.39,157.68,0.23,0.21,0.44,0.59,1.03,0.68,0.24,0.11,0.35,0.73,0.16,0.89,0.42,2.33,0.01,1.32,4.82,6.14,1.36,1.7,0,0.7,0.63,0.22,0.85,4.89,0.95,4.71,0.02,0.21,0.04,0.27,6.05,0.98,0.19,0.68,1.87,35.24,46.41,12.61,2.17,38.34,40.05,14.22,9.02,13.35,14.1,7.6,2.86,0.29,0,0,0,0.86,0,0.86,0.57,0,0,0,0,0,30,0,0,0,150,100,20,25,2,986,580,86.43,5.5,0,0,0,0,0,0,0,0,0,0,0,0,0,0,8.57,0,0,0,0,0,0,0,0,0,0,0,62.16,4.53,5,2.74,2.35,3.73,6.1,5,2.97,3.28,5.19,9.01,3.32,8.94,1,0.29,0.44,0.19,0.56,0.79,2.6,0.47,1.63,1.53,2.05,13.35,8.57
MicroPD-36-T1,Plate1,C8,i7_R3_515rcbc263,GGTTATTCCTAT,i5_F8_515rcbc628,GTGGGCGGCCCT,DualGolay16S,16S rRNA Sequencing,36,T1,36_T1,36_T1,,1/7/21,1_21,1,2.43,,125,1,70,,70_74,,63,,64,,,,,,,,,,,,,,T1,,,,,,,,no,,,,,,,,,,,,,,,,,,,,,,,,,,,,,,,,,,,,,,,,,,,,,,,,,,,,,,,,,,,,,,,,,,,,,,,,,,,,,,,,,,,,,,,,,,,,,,,,,,,,,,,,,,,,,,,,,,,,,,,,,,,,,,,,,,,,,,,,,,,,,,,,,,,,,,,,,,,,,,,,,,,,,,,,,,,,,,,,,,,,,,,,,,,,,,,,,,,,,,,,,,,,,,,,,,,,,,,,,,,,,,,,,,,,,,,,,,,,,,,,,,,,,,,,,,,,,,,,,,,,,,,,,,,,,,,,,,,,,,,,,,,,,,,,,,,,,,,,,,
MicroPD-36-T2,Plate1,C9,i7_R3_515rcbc263,GGTTATTCCTAT,i5_F9_515rcbc679,AACCGATGTACC,DualGolay16S,16S rRNA Sequencing,36,T2,36_T2,36_T2,,2/14/21,2_21,2,,5.43,125,1,70,,70_74,,63,,64,,,,,,,,,,,,,,T2,,,,,,,,no,,,,,,,,,,,,,,,,,,,,,,,,,,,,,,,,,,,,,,,,,,,,,,,,,,,,,,,,,,,,,,,,,,,,,,,,,,,,,,,,,,,,,,,,,,,,,,,,,,,,,,,,,,,,,,,,,,,,,,,,,,,,,,,,,,,,,,,,,,,,,,,,,,,,,,,,,,,,,,,,,,,,,,,,,,,,,,,,,,,,,,,,,,,,,,,,,,,,,,,,,,,,,,,,,,,,,,,,,,,,,,,,,,,,,,,,,,,,,,,,,,,,,,,,,,,,,,,,,,,,,,,,,,,,,,,,,,,,,,,,,,,,,,,,,,,,,,,,,,
MicroPD-37-T0,Plate1,C10,i7_R3_515rcbc263,GGTTATTCCTAT,i5_F10_515rcbc695,CTAAATACCCTT,DualGolay16S,16S rRNA Sequencing,37,T0,37_T0,37_T0,yes,11/11/20,11_20,11,,,122,1,71,71,70_74,70_74,68,3,69,yes,2,37,,,,,,,,,,,,T0,,,,,,,yes,20210304,1796.03,986.87,1.91,2.59,41.69,6.41,39.55,23.29,16.26,38.84,16.27,11.15,14.25,9.99,11.96,15.59,9.6,14.56,185.43,21.14,119.78,40.34,40.75,25.77,22.28,109.3,60.76,86.87,7.17,0.09,7.11,4.62,0.95,20.63,60.94,14.22,14.84,3.55,11.27,2.25,387.38,13174.9,955.84,1554.97,6775.45,7192.08,68.12,30.69,11812.86,1622.84,10.05,11.85,3.76,16.7,0.27,7.13,1.14,18.97,8.57,7.29,546.23,63.67,0.97,1.36,14.98,23.1,1.78,362.07,450,237.01,125.07,3.28,1.74,4.43,3.98,4.23,0.29,3.94,732.74,846.61,292.26,11.3,8.42,1.13,61.54,2056.99,1698.73,3.55,0.25,0.14,0.11,0.23,0.34,0.96,6.27,0.04,2.44,0.07,0.06,0.55,13.27,0.14,0.01,0.04,8.39,1.05,1.17,0.01,0.08,0.03,0.01,0.06,1.15,0.16,0.02,1.36,1.33,0.05,0.04,0.01,0.5,1.59,1.78,3.06,2.56,0.88,0.52,1.78,1.38,2.05,2.39,1.02,1.99,3.62,7.01,1.78,2.28,1.86,0.38,0.54,0.09,0.01,0.01,0,0,0.17,0,0,0.03,0.12,0.01,0.12,0.02,8.36,22.32,1581.25,1583.66,223.12,52.16,0.6,570.44,475.23,5.43,0,9.35,0.33,0.79,1.44,125.29,0.05,0.38,0.42,0.05,0.47,0.86,0.2,0.01,0.21,0.03,0.04,0.08,0.31,1.45,0.02,2.16,0.74,2.91,0.22,1.79,0,0.06,0.3,0.04,0.34,2.41,0.58,2.65,0.13,0.72,0.1,0.95,3.84,0.16,0.02,0.27,0.55,14.55,13.65,4.95,0.19,35.42,48.55,16.9,1.84,10.17,13,9.11,0,0,0,0,0,0,0,0,0,0,0,0,0,0,0,0,0,0,0,0,0,0,0,0,0,0,0,0,0,0,0,0,0,0,0,0,0,0,0,0,0,0,0,0,0,0,0,0,0,0,0,0,0,76.28,5,5,2.99,5,10,4.3,5,5,7.49,0,10,7.29,9.22,1.49,0.89,0.48,0.43,2.19,0.56,3.99,1.31,2.17,2.08,0.75,10.17,8.02
MicroPD-37-T1,Plate1,C11,i7_R3_515rcbc263,GGTTATTCCTAT,i5_F11_515rcbc789,CGTCGTCTAAGA,DualGolay16S,16S rRNA Sequencing,37,T1,37_T1,37_T1,,12/8/20,12_20,12,3.86,,122,1,71,,70_74,,68,,69,,,,,,,,,,,,,,,T1,,,,,,,no,,,,,,,,,,,,,,,,,,,,,,,,,,,,,,,,,,,,,,,,,,,,,,,,,,,,,,,,,,,,,,,,,,,,,,,,,,,,,,,,,,,,,,,,,,,,,,,,,,,,,,,,,,,,,,,,,,,,,,,,,,,,,,,,,,,,,,,,,,,,,,,,,,,,,,,,,,,,,,,,,,,,,,,,,,,,,,,,,,,,,,,,,,,,,,,,,,,,,,,,,,,,,,,,,,,,,,,,,,,,,,,,,,,,,,,,,,,,,,,,,,,,,,,,,,,,,,,,,,,,,,,,,,,,,,,,,,,,,,,,,,,,,,,,,,,,,,,,,,
MicroPD-37-T2,Plate1,C12,i7_R3_515rcbc263,GGTTATTCCTAT,i5_F12_515rcbc950,ACTTCATCGTAT,DualGolay16S,16S rRNA Sequencing,37,T2,37_T2,37_T2,,1/19/21,1_21,1,,6.00,122,1,71,,70_74,,68,,69,,,,,,,,,,,,,,,T2,,,,,,,no,,,,,,,,,,,,,,,,,,,,,,,,,,,,,,,,,,,,,,,,,,,,,,,,,,,,,,,,,,,,,,,,,,,,,,,,,,,,,,,,,,,,,,,,,,,,,,,,,,,,,,,,,,,,,,,,,,,,,,,,,,,,,,,,,,,,,,,,,,,,,,,,,,,,,,,,,,,,,,,,,,,,,,,,,,,,,,,,,,,,,,,,,,,,,,,,,,,,,,,,,,,,,,,,,,,,,,,,,,,,,,,,,,,,,,,,,,,,,,,,,,,,,,,,,,,,,,,,,,,,,,,,,,,,,,,,,,,,,,,,,,,,,,,,,,,,,,,,,,
MicroPD-38-T0,Plate1,D1,i7_R4_515rcbc370,GGTGACCGGATT,i5_F1_515rcbc110,CCTTGACCGATG,DualGolay16S,16S rRNA Sequencing,38,T0,38_T0,38_T0,yes,11/11/20,11_20,11,,,123,0,58,58,55_59,55_59,43,15,,,,38,,,,,,,,,,,,,T0,,,,,,yes,20210305,3328.4,2067.68,11.47,0.24,71.49,11.68,70.18,29.62,40.56,81.36,33.8,25.11,32,18.24,25.68,33.24,16.28,26.49,120.29,32.13,277.21,102.75,102.28,66.99,56.77,248.54,139.53,199.47,15.14,0.56,17.06,11.86,2.73,54.3,124.34,26.02,26.12,7.33,18.78,3.45,410.05,13232.64,996.14,1569.49,6742.74,7200.13,495.63,83.19,9752.91,5552.41,13.12,13.58,1.05,16.1,0.76,13.98,3.15,20.61,12.94,1.42,472.38,101.05,1.89,2.06,26.38,37.58,2.2,613.3,799.66,347.09,266.39,3.87,1.07,4.9,4.91,4.67,0.06,4.61,1062.18,1360.47,428.12,17.97,10.06,1.59,103.38,2915.65,2966.21,6.39,0.56,0.3,0.24,0.49,0.81,1.98,13.16,0.1,5.89,0.38,0.72,0.74,30.33,0.46,0.02,0.08,16.56,1.3,1.09,0.02,0.04,0.06,0.02,0.11,3.28,0.49,0.03,3.83,1.38,0.08,0.07,0.01,0.85,2.49,2.89,5.35,3.87,1.36,0.98,3.27,2.33,3.43,4.14,1.79,3.03,6.32,15.49,2.93,5.27,3.44,1.03,1.56,0.24,0.02,0.02,0,0,0.38,0,0,0,0.16,0.01,0.21,0.03,85.03,67.94,2879.54,2899.43,238.91,9.79,0.89,1116.4,813.97,5.97,0,17.68,0.36,3.08,3.37,214.83,0.35,0.73,1.09,0.11,1.2,1.16,0.32,0.12,0.44,0.1,0.01,0.1,0.44,2.14,0.01,2.08,6.38,8.46,0.16,0.02,0,0.5,0.64,0.4,1.04,1.73,0.13,0.81,0.19,3.12,0.06,3.36,5.17,0.39,0.48,0.48,1.37,31.94,30.66,13.4,0.02,35.42,53.63,13.83,0.08,10.93,13.93,7.94,0,0,0,0,0,0,0,0,0,0,0,0,0,0,0,0,0,0,0,0,0,0,0,0,0,66.37,0,17.86,0,0,0,0,0,0,0,0,0,0,0,0,0,0,0,0,0,0,0,0,0,0,0,0,0,72.11,4.73,5,3.64,5,6.7,5.11,5,5,6.16,6.55,4.86,6.34,8.02,1.04,0.57,0.58,0.52,1,0.66,2.52,2.13,2,1.41,3.09,10.93,10.37
MicroPD-38-T1,Plate1,D2,i7_R4_515rcbc370,GGTGACCGGATT,i5_F2_515rcbc184,TTAAGTTAAGTT,DualGolay16S,16S rRNA Sequencing,38,T1,38_T1,38_T1,,12/6/20,12_20,12,3.57,,123,0,58,,55_59,,43,,,,,,,,,,,,,,,,,,T1,,,,,,no,,,,,,,,,,,,,,,,,,,,,,,,,,,,,,,,,,,,,,,,,,,,,,,,,,,,,,,,,,,,,,,,,,,,,,,,,,,,,,,,,,,,,,,,,,,,,,,,,,,,,,,,,,,,,,,,,,,,,,,,,,,,,,,,,,,,,,,,,,,,,,,,,,,,,,,,,,,,,,,,,,,,,,,,,,,,,,,,,,,,,,,,,,,,,,,,,,,,,,,,,,,,,,,,,,,,,,,,,,,,,,,,,,,,,,,,,,,,,,,,,,,,,,,,,,,,,,,,,,,,,,,,,,,,,,,,,,,,,,,,,,,,,,,,,,,,,,,,,,
MicroPD-38-T2,Plate1,D3,i7_R4_515rcbc370,GGTGACCGGATT,i5_F3_515rcbc434,TGCGCGCCTTCC,DualGolay16S,16S rRNA Sequencing,38,T2,38_T2,38_T2,,1/19/21,1_21,1,,6.29,123,0,58,,55_59,,43,,,,,,,,,,,,,,,,,,T2,,,,,,no,,,,,,,,,,,,,,,,,,,,,,,,,,,,,,,,,,,,,,,,,,,,,,,,,,,,,,,,,,,,,,,,,,,,,,,,,,,,,,,,,,,,,,,,,,,,,,,,,,,,,,,,,,,,,,,,,,,,,,,,,,,,,,,,,,,,,,,,,,,,,,,,,,,,,,,,,,,,,,,,,,,,,,,,,,,,,,,,,,,,,,,,,,,,,,,,,,,,,,,,,,,,,,,,,,,,,,,,,,,,,,,,,,,,,,,,,,,,,,,,,,,,,,,,,,,,,,,,,,,,,,,,,,,,,,,,,,,,,,,,,,,,,,,,,,,,,,,,,,
MicroPD-39-T0,Plate1,D4,i7_R4_515rcbc370,GGTGACCGGATT,i5_F4_515rcbc443,GCAAAGGCCCGC,DualGolay16S,16S rRNA Sequencing,39,T0,39_T0,,yes,12/20/21,12_21,12,,,124,0,69,69,65_69,65_69,61,8,62,yes,7,39,,,,,,,,,,,,,,T0,,,,,no,,,,,,,,,,,,,,,,,,,,,,,,,,,,,,,,,,,,,,,,,,,,,,,,,,,,,,,,,,,,,,,,,,,,,,,,,,,,,,,,,,,,,,,,,,,,,,,,,,,,,,,,,,,,,,,,,,,,,,,,,,,,,,,,,,,,,,,,,,,,,,,,,,,,,,,,,,,,,,,,,,,,,,,,,,,,,,,,,,,,,,,,,,,,,,,,,,,,,,,,,,,,,,,,,,,,,,,,,,,,,,,,,,,,,,,,,,,,,,,,,,,,,,,,,,,,,,,,,,,,,,,,,,,,,,,,,,,,,,,,,,,,,,,,,,,,,,,,,,
MicroPD-39-T1,Plate1,D5,i7_R4_515rcbc370,GGTGACCGGATT,i5_F5_515rcbc551,GAATGCGTATAA,DualGolay16S,16S rRNA Sequencing,39,T1,39_T1,,,12/21/19,12_19,12,,,124,0,69,,65_69,,61,,62,,,,,,,,,,,,,,,,,T1,,,,,no,,,,,,,,,,,,,,,,,,,,,,,,,,,,,,,,,,,,,,,,,,,,,,,,,,,,,,,,,,,,,,,,,,,,,,,,,,,,,,,,,,,,,,,,,,,,,,,,,,,,,,,,,,,,,,,,,,,,,,,,,,,,,,,,,,,,,,,,,,,,,,,,,,,,,,,,,,,,,,,,,,,,,,,,,,,,,,,,,,,,,,,,,,,,,,,,,,,,,,,,,,,,,,,,,,,,,,,,,,,,,,,,,,,,,,,,,,,,,,,,,,,,,,,,,,,,,,,,,,,,,,,,,,,,,,,,,,,,,,,,,,,,,,,,,,,,,,,,,,
MicroPD-40-T0,Plate1,D6,i7_R4_515rcbc370,GGTGACCGGATT,i5_F6_515rcbc587,TAGGTAACCGAT,DualGolay16S,16S rRNA Sequencing,40,T0,40_T0,40_T0,yes,2/6/21,2_21,2,,,130,1,52,52,50_54,50_54,51,1,51,yes,1,40,,,,,,,,,,,,,,,T0,,,,yes,20210108,5765.94,2255.22,8.17,22.88,85.97,14.49,88.96,51.38,37.59,76.76,27.58,20.61,29.96,20.13,20.58,29.88,17.68,47.86,174.6,29.83,277.35,110.95,113.17,66.29,59.9,242.81,130.1,185.97,32.34,0.19,27.72,8.46,2.13,41.89,95.71,28,29.81,10.92,18.8,4.28,390.56,8538.27,755.82,1074.3,3888.82,4461.6,881.61,108.1,3279.07,6512.74,15.47,15.23,3.9,17.12,0.49,14.15,2.87,22.73,15.05,0.41,184.61,116.07,2.04,2.92,26.55,42.85,2.25,531.14,616.58,409.08,121.95,4.63,1.1,7.28,4.85,4.37,0.43,3.93,1289.7,1639.86,480.84,16.1,11.22,1.97,114.54,3552.36,3785.61,6.41,0.43,0.24,0.18,0.37,0.49,1.66,11.49,0.09,4.65,0.17,0.24,0.86,28.11,0.28,0.06,0.09,17.88,1.81,1.53,0.01,0.07,0.06,0.02,0.15,2.61,0.35,0.04,3,1.77,0.08,0.06,0.01,1.2,3.48,3.84,7.06,5.66,1.74,1.26,3.79,2.72,4.33,4.59,2.14,3.98,8.34,17.45,3.17,5.6,4.12,1.57,2.04,0.31,0.24,0.22,0.01,0,0.44,0,0,0,0.75,0.02,0.48,0.04,501.66,25.96,5277.96,5297.28,352.74,218.1,2.31,1106.11,407.31,5.09,0.02,22.32,22.16,30.52,0.9,138.94,0.17,1.41,1.58,0.4,1.98,0.36,0.39,0.18,0.58,0.1,0.12,0.22,0.95,2.11,0.3,1.17,5.3,6.47,0.49,0.06,0,0.22,0.52,1.42,1.95,2.73,0.57,1.34,0.78,2.49,1.22,4.49,6.59,0.2,0.04,0.77,1.35,32.47,25.05,13.77,1.64,30.63,49.19,15.25,7.1,8.23,11.96,8.03,20.08,1,1,0,142.86,3,0.02,3,2,714.29,214.29,11.43,71.43,85.71,8.57,9.57,14.29,8.57,17.14,0.43,0.49,5.71,0.86,194.29,114.29,721.43,2.86,3.57,42.86,69.43,20.57,12.86,0.14,0,42.86,0,14.29,0.66,12.86,1.43,5.71,52.86,15.71,0.57,0,0,2.86,3.14,0.18,0.12,0,0,0,77.92,4.84,5,5,5,3.46,4.59,5,5,9.46,4.72,7.8,9.72,8.32,1.07,0.29,0.88,0.7,0.52,0.6,3.46,2.85,2.43,1.58,2.35,8.23,9.77
MicroPD-40-T1,Plate1,D7,i7_R4_515rcbc370,GGTGACCGGATT,i5_F7_515rcbc621,GAGTCCGTTGCT,DualGolay16S,16S rRNA Sequencing,40,T1,40_T1,40_T1,,3/9/21,3_21,3,4.43,,130,1,52,,50_54,,51,,51,,,,,,,,,,,,,,,,,,T1,,,,no,,,,,,,,,,,,,,,,,,,,,,,,,,,,,,,,,,,,,,,,,,,,,,,,,,,,,,,,,,,,,,,,,,,,,,,,,,,,,,,,,,,,,,,,,,,,,,,,,,,,,,,,,,,,,,,,,,,,,,,,,,,,,,,,,,,,,,,,,,,,,,,,,,,,,,,,,,,,,,,,,,,,,,,,,,,,,,,,,,,,,,,,,,,,,,,,,,,,,,,,,,,,,,,,,,,,,,,,,,,,,,,,,,,,,,,,,,,,,,,,,,,,,,,,,,,,,,,,,,,,,,,,,,,,,,,,,,,,,,,,,,,,,,,,,,,,,,,,,,
MicroPD-40-T2,Plate1,D8,i7_R4_515rcbc370,GGTGACCGGATT,i5_F8_515rcbc628,GTGGGCGGCCCT,DualGolay16S,16S rRNA Sequencing,40,T2,40_T2,40_T2,,4/13/21,4_21,4,,5.00,130,1,52,,50_54,,51,,51,,,,,,,,,,,,,,,,,,T2,,,,no,,,,,,,,,,,,,,,,,,,,,,,,,,,,,,,,,,,,,,,,,,,,,,,,,,,,,,,,,,,,,,,,,,,,,,,,,,,,,,,,,,,,,,,,,,,,,,,,,,,,,,,,,,,,,,,,,,,,,,,,,,,,,,,,,,,,,,,,,,,,,,,,,,,,,,,,,,,,,,,,,,,,,,,,,,,,,,,,,,,,,,,,,,,,,,,,,,,,,,,,,,,,,,,,,,,,,,,,,,,,,,,,,,,,,,,,,,,,,,,,,,,,,,,,,,,,,,,,,,,,,,,,,,,,,,,,,,,,,,,,,,,,,,,,,,,,,,,,,,
MicroPD-41-T0,Plate1,D9,i7_R4_515rcbc370,GGTGACCGGATT,i5_F9_515rcbc679,AACCGATGTACC,DualGolay16S,16S rRNA Sequencing,41,T0,41_T0,41_T0,yes,2/11/21,2_21,2,,,127,0,62,62,60_64,60_64,53,9,53,yes,9,41,,,,,,,,,,,,,,,,T0,,,yes,20210304,5203.86,2066.92,4.76,0,54.09,8.69,53.61,32.77,20.84,49.12,22.1,15.03,18.33,10.77,15.31,17.93,10.49,50.42,130.48,21.74,362.61,258.69,214.44,138.1,130.54,303.6,171.67,245.38,68.83,0.12,57.78,10.42,2.02,74.44,54.71,14.69,15.11,5.54,9.56,3.2,270.75,3817.73,421.19,555.01,1521.07,1770.35,304.89,276.16,1013.79,8802.54,7.3,6.83,0.16,7.94,0.3,8.36,1.34,10.26,6.71,0.26,57,454.19,1.24,1.52,16.15,24.88,1.67,333.46,377.5,270.53,62.96,2.61,0.02,4.33,2.55,2.76,0,2.76,892.56,967.75,337.11,9,8.12,1.32,66.52,2330.97,3380.62,2.32,0.31,0.17,0.13,0.27,0.35,1.29,8.43,0.08,3.6,0.07,0.04,0.84,16.71,0.13,0.01,0.09,9.43,1.15,1.03,0,0.06,0.01,0.01,0.01,1.7,0.25,0.03,2,1.06,0.08,0.07,0.01,0.56,1.98,2.2,3.91,3.44,1.1,0.6,2.25,1.69,2.56,3.04,1.43,2.5,5.02,10.29,2.2,3.68,2.32,0.18,0.26,0.03,0.28,0.05,0,0,1.05,0,0,0,0.24,0,0.36,0.01,32.28,24.27,4721.75,4778.22,228.76,75.61,0,411.61,103.25,11.6,0.01,16.02,15.18,21.46,0.12,71.9,0.04,0.03,0.07,2.96,3.04,0.02,0.69,0.03,0.72,0.22,0.21,0.43,0.49,1.66,0.14,0.26,2.59,2.85,1.7,0.41,0,0.71,0.01,0.1,0.11,2.93,0.08,2.9,0.02,0.55,0.55,1.12,3.58,0.71,0,0.4,1.12,16.05,19.74,40.57,0,21.39,70.17,10.47,0,6.55,7.98,4.69,0,0,0,0,0,0,0,0,0,0,0,0,0,0,0,134,200,0,0,0,0,0,0,0,0,250,0,5,0,0,0,0,0,0,0,0,0,0,0,0,0,0,0,0,0,0,0,0,0,0,0,0,0,59.26,3.94,1.83,5,0.45,0.83,4.16,3.99,3.7,5.66,9.69,10,10,0,0.87,0.07,1.47,0.04,0.13,0.54,1.99,0.59,1.94,1.13,1.25,6.55,31.41
MicroPD-41-T1,Plate1,D10,i7_R4_515rcbc370,GGTGACCGGATT,i5_F10_515rcbc695,CTAAATACCCTT,DualGolay16S,16S rRNA Sequencing,41,T1,41_T1,41_T1,,2/21/21,2_21,2,1.43,,127,0,62,,60_64,,53,,53,,,,,,,,,,,,,,,,,,,T1,,,no,,,,,,,,,,,,,,,,,,,,,,,,,,,,,,,,,,,,,,,,,,,,,,,,,,,,,,,,,,,,,,,,,,,,,,,,,,,,,,,,,,,,,,,,,,,,,,,,,,,,,,,,,,,,,,,,,,,,,,,,,,,,,,,,,,,,,,,,,,,,,,,,,,,,,,,,,,,,,,,,,,,,,,,,,,,,,,,,,,,,,,,,,,,,,,,,,,,,,,,,,,,,,,,,,,,,,,,,,,,,,,,,,,,,,,,,,,,,,,,,,,,,,,,,,,,,,,,,,,,,,,,,,,,,,,,,,,,,,,,,,,,,,,,,,,,,,,,,,,
MicroPD-41-T2,Plate1,D11,i7_R4_515rcbc370,GGTGACCGGATT,i5_F11_515rcbc789,CGTCGTCTAAGA,DualGolay16S,16S rRNA Sequencing,41,T2,41_T2,41_T2,,4/14/21,4_21,4,,7.43,127,0,62,,60_64,,53,,53,,,,,,,,,,,,,,,,,,,T2,,,no,,,,,,,,,,,,,,,,,,,,,,,,,,,,,,,,,,,,,,,,,,,,,,,,,,,,,,,,,,,,,,,,,,,,,,,,,,,,,,,,,,,,,,,,,,,,,,,,,,,,,,,,,,,,,,,,,,,,,,,,,,,,,,,,,,,,,,,,,,,,,,,,,,,,,,,,,,,,,,,,,,,,,,,,,,,,,,,,,,,,,,,,,,,,,,,,,,,,,,,,,,,,,,,,,,,,,,,,,,,,,,,,,,,,,,,,,,,,,,,,,,,,,,,,,,,,,,,,,,,,,,,,,,,,,,,,,,,,,,,,,,,,,,,,,,,,,,,,,,
MicroPD-43-T0,Plate1,D12,i7_R4_515rcbc370,GGTGACCGGATT,i5_F12_515rcbc950,ACTTCATCGTAT,DualGolay16S,16S rRNA Sequencing,43,T0,43_T0,43_T0,yes,2/8/21,2_21,2,,,129,1,73,73,70_74,70_74,62,11,62,yes,11,43,,,,,,,,,,,,,,,,,T0,,yes,20210304,1985.26,965.14,2.44,4.51,35.52,5.78,34.93,17.52,17.4,36.39,9.49,9.72,14.4,9.8,9.56,14.6,9.16,13.07,47.88,11.92,123.32,69.08,63.2,44.55,42.46,105.27,57.51,82.21,13.43,0.14,11.81,10.01,0.66,26.68,30.99,10.6,10.04,2.09,7.97,1.52,188.69,2794.09,297.84,400.79,1219.13,1311.13,161.04,22.95,1047.29,1779.25,5.66,5.47,0.18,6.43,0.39,6.3,1,8.24,5.34,0.29,62.63,80.28,0.66,1,12.91,20.32,0.94,220.48,281.66,132.94,87.48,2.24,0.6,2.17,2.79,2.59,0,2.59,453.78,652.14,219.15,6.78,5.5,0.78,40.1,1187.23,1372.9,1.96,0.2,0.11,0.08,0.19,0.23,0.71,5.24,0.05,2.07,0.22,0.45,0.22,13.71,0.23,0.01,0.04,8.82,0.83,0.79,0.01,0.02,0.02,0.01,0.03,0.88,0.12,0.01,1.02,0.86,0.04,0.03,0.01,0.44,1.3,1.47,2.73,2.12,0.66,0.42,1.6,1.2,1.72,2.18,0.9,1.49,3.48,7.18,1.39,2.32,1.76,0.28,0.38,0.05,0.04,0.08,0,0,0.23,0,0,0,0.15,0.01,0.19,0.01,94.65,7.42,1776.74,1792.56,129.62,12.77,0.08,459.17,127.25,2.92,0,8.31,0.58,0.01,0.15,56.08,0.08,0.2,0.29,0.1,0.39,0.12,0.15,0.03,0.18,0.04,0.03,0.07,0.26,0.64,0.17,0.39,1.16,1.55,0.23,0.13,0,0.19,0.14,0.07,0.21,0.76,0.02,0.57,0.02,2.41,0.7,3.13,3.22,0.55,0.27,0.11,0.92,16.95,8.66,11.44,0.32,33.93,51.11,14.72,3.27,9.07,13.43,9.14,0.16,0.02,0,0,0,0.05,0,0.05,0.03,0,0,0,0,0,0,0,0,0,0,0,0,0,0,0,0,285.71,0,35.71,0,500,0,0,0,0,0,0,0,0,0,0,0,0.49,0,0,0,0,0,0,0,0,0,0,0,75.84,3.83,5,2.51,3.7,2.68,7.37,5,5,9.92,8.55,10,8.67,3.61,0.84,0.31,0.4,0.3,0.4,0.96,4.06,3.46,2.49,1.23,1.2,9.07,18.96
MicroPD-43-T1,Plate1,E1,i7_R5_515rcbc388,TCCTGCCGGATC,i5_F1_515rcbc110,CCTTGACCGATG,DualGolay16S,16S rRNA Sequencing,43,T1,43_T1,43_T1,,3/1/21,3_21,3,3.00,,129,1,73,,70_74,,62,,62,,,,,,,,,,,,,,,,,,,,T1,,no,,,,,,,,,,,,,,,,,,,,,,,,,,,,,,,,,,,,,,,,,,,,,,,,,,,,,,,,,,,,,,,,,,,,,,,,,,,,,,,,,,,,,,,,,,,,,,,,,,,,,,,,,,,,,,,,,,,,,,,,,,,,,,,,,,,,,,,,,,,,,,,,,,,,,,,,,,,,,,,,,,,,,,,,,,,,,,,,,,,,,,,,,,,,,,,,,,,,,,,,,,,,,,,,,,,,,,,,,,,,,,,,,,,,,,,,,,,,,,,,,,,,,,,,,,,,,,,,,,,,,,,,,,,,,,,,,,,,,,,,,,,,,,,,,,,,,,,,,,
MicroPD-43-T2,Plate1,E2,i7_R5_515rcbc388,TCCTGCCGGATC,i5_F2_515rcbc184,TTAAGTTAAGTT,DualGolay16S,16S rRNA Sequencing,43,T2,43_T2,43_T2,,4/14/21,4_21,4,,6.29,129,1,73,,70_74,,62,,62,,,,,,,,,,,,,,,,,,,,T2,,no,,,,,,,,,,,,,,,,,,,,,,,,,,,,,,,,,,,,,,,,,,,,,,,,,,,,,,,,,,,,,,,,,,,,,,,,,,,,,,,,,,,,,,,,,,,,,,,,,,,,,,,,,,,,,,,,,,,,,,,,,,,,,,,,,,,,,,,,,,,,,,,,,,,,,,,,,,,,,,,,,,,,,,,,,,,,,,,,,,,,,,,,,,,,,,,,,,,,,,,,,,,,,,,,,,,,,,,,,,,,,,,,,,,,,,,,,,,,,,,,,,,,,,,,,,,,,,,,,,,,,,,,,,,,,,,,,,,,,,,,,,,,,,,,,,,,,,,,,,
MicroPD-Blank-FOBT-card,Plate1,E3,i7_R5_515rcbc388,TCCTGCCGGATC,i5_F3_515rcbc434,TGCGCGCCTTCC,DualGolay16S,16S rRNA Sequencing,,,,,,,,,,,,,,,,,,,,,,,,,,,,,,,,,,,,,,,,Blank,no,,,,,,,,,,,,,,,,,,,,,,,,,,,,,,,,,,,,,,,,,,,,,,,,,,,,,,,,,,,,,,,,,,,,,,,,,,,,,,,,,,,,,,,,,,,,,,,,,,,,,,,,,,,,,,,,,,,,,,,,,,,,,,,,,,,,,,,,,,,,,,,,,,,,,,,,,,,,,,,,,,,,,,,,,,,,,,,,,,,,,,,,,,,,,,,,,,,,,,,,,,,,,,,,,,,,,,,,,,,,,,,,,,,,,,,,,,,,,,,,,,,,,,,,,,,,,,,,,,,,,,,,,,,,,,,,,,,,,,,,,,,,,,,,,,,,,,,,,,
MicroPD-Zymo-control,Plate1,E4,i7_R5_515rcbc388,TCCTGCCGGATC,i5_F4_515rcbc443,GCAAAGGCCCGC,DualGolay16S,16S rRNA Sequencing,,,,,,,,,,,,,,,,,,,,,,,,,,,,,,,,,,,,,,,,Zymo,no,,,,,,,,,,,,,,,,,,,,,,,,,,,,,,,,,,,,,,,,,,,,,,,,,,,,,,,,,,,,,,,,,,,,,,,,,,,,,,,,,,,,,,,,,,,,,,,,,,,,,,,,,,,,,,,,,,,,,,,,,,,,,,,,,,,,,,,,,,,,,,,,,,,,,,,,,,,,,,,,,,,,,,,,,,,,,,,,,,,,,,,,,,,,,,,,,,,,,,,,,,,,,,,,,,,,,,,,,,,,,,,,,,,,,,,,,,,,,,,,,,,,,,,,,,,,,,,,,,,,,,,,,,,,,,,,,,,,,,,,,,,,,,,,,,,,,,,,,,
,,,,,,,,,,,,,,,,,,,,,,,,,,,,,,,,,,,,,,,,,,,,,,,,,,,,,,,,,,,,,,,,,,,,,,,,,,,,,,,,,,,,,,,,,,,,,,,,,,,,,,,,,,,,,,,,,,,,,,,,,,,,,,,,,,,,,,,,,,,,,,,,,,,,,,,,,,,,,,,,,,,,,,,,,,,,,,,,,,,,,,,,,,,,,,,,,,,,,,,,,,,,,,,,,,,,,,,,,,,,,,,,,,,,,,,,,,,,,,,,,,,,,,,,,,,,,,,,,,,,,,,,,,,,,,,,,,,,,,,,,,,,,,,,,,,,,,,,,,,,,,,,,,,,,,,,,,,,,,,,,,,,,,,,,,,,,,,,,,,,,,,,,,,